,1.0,Timestamp,Which state are you in?,What city are you in,,I am a :,My race/ethnicity is:,My Age:,My Marital Status:,Education Level:,My Partner's race/ethnicity is:,My Partner's Age:,My Partner's Marital Status:,My Partner's Education Level:,Length of Time Together,Number of Dates (Monthly),Arrangement Questions [Are you Exclusive?],Arrangement Questions [Do you have more than one SR?],Arrangement Questions [Does your partner know your real Identity?],Arrangement Questions [Are your dates indoor only?],Arrangement Questions [Do you have overnight dates or travel together?],Arrangement Questions [Do you give or receive more for overnights or travel?],Arrangement Questions [Do you give or receive gifts on top of allowance?],Allowance Type:,PPM/Weekly Allowance Amount:,Allowance Amount: (Actual amount received or given. Not total budget. For gifts and experience only arrangements select how much spent on a monthly basis.),How happy are you with your current arrangement?,Are you satisfied with how much you receive or give financially?,Are you satisfied with how much time you spend together?,I feel I am getting enough effort/financial support from my partner for the money I spend/effort I put into the relationship?
0,,,,,,,,,,,,,,,,,,,,,,,,,,,,,,
1,2.0,1/21/2024 9:33:47,Connecticut,fairfield,,Sugar Daddy,Asian,36-45,Open Relationship,Masters,White / Caucasian,26-35,Single,Masters,4-6 months,3-4,No,Yes,Yes,No,Yes,Yes,Yes,Monthly Allowance,,"$2k-$2,999",8,8,7,7
2,3.0,1/21/2024 9:35:15,Connecticut,Norwalk,,Sugar Daddy,Asian,36-45,Open Relationship,Masters,White / Caucasian,26-35,Single,Doctorate,1-3 months,1-2,No,Yes,Yes,No,No,No,Yes,Pay Per Meet (PPM),$400-$499,,9,9,7,9
3,4.0,1/21/2024 9:36:25,Connecticut,West Hartford,,Sugar Daddy,Asian,36-45,Open Relationship,Masters,White / Caucasian,26-35,Open Relationship,Doctorate,1-3 months,1-2,No,Yes,Yes,No,No,No,Yes,Pay Per Meet (PPM),$500-$599,,9,9,6,9
4,5.0,1/21/2024 12:09:09,Connecticut,Bristol,,Sugar Daddy,White / Caucasian,46-55,Open Relationship,Bachelor Degree,White / Caucasian,26-35,Single,Some College,More than 1 year,9-10,Yes,No,Yes,No,Yes,No,Yes,Monthly Allowance,,"$4k-$4,999",8,7,7,8
5,6.0,1/21/2024 12:18:11,Connecticut,Greenwich,,Sugar Daddy,White / Caucasian,46-55,Divorced,Masters,White / Caucasian,26-35,Single,High School Diploma,More than 1 year,1-2,Yes,No,Yes,Yes,No,No,Yes,Pay Per Meet (PPM),$400-$499,,8,8,4,6
6,7.0,2/15/2024 1:25:26,Connecticut,greenwich,,Sugar Daddy,White / Caucasian,36-45,Married,Bachelor Degree,Latin / Hispanic,18-25,Single,High School Diploma,More than 1 year,1-2,No,Yes,No,No,Yes,No,Yes,Pay Per Meet (PPM),$500-$599,,8,8,8,8
7,8.0,3/14/2024 21:49:50,Connecticut,Bridgeport,,Sugar Daddy,Latin / Hispanic,26-35,Single,Masters,Latin / Hispanic,18-25,Single,High School Diploma,4-6 months,1-2,Yes,No,Yes,Yes,Yes,Yes,No,Monthly Allowance,,"$1k- $1,999",10,10,6,10
8,9.0,4/27/2024 4:56:22,Connecticut,New Haven,,Sugar Daddy,Latin / Hispanic,36-45,Single,Doctorate,White / Caucasian,18-25,Single,High School Diploma,Less than a month,1-2,No,No,Yes,No,No,No,Yes,Pay Per Meet (PPM),$900-$999,,10,8,10,8
9,10.0,5/10/2024 11:16:26,Connecticut,New Haven,,Sugar Baby Female,White / Caucasian,26-35,Single,Masters,Latin / Hispanic,56-65,Married,Masters,1-3 months,1-2,No,Yes,Yes,No,Yes,No,Yes,Pay Per Meet (PPM),$800-$899,,10,10,8,9
10,11.0,5/10/2024 11:18:01,Connecticut,New Haven,,Sugar Baby Female,White / Caucasian,26-35,Single,Masters,Black/African Descent,46-55,Open Relationship,Masters,1-3 months,3-4,No,Yes,Yes,No,Yes,No,No,Pay Per Meet (PPM),$300-$399,,4,4,7,3
11,12.0,5/21/2024 18:36:51,Connecticut,Waterbury,,Sugar Daddy,White / Caucasian,36-45,Married,Some College,White / Caucasian,26-35,Single,Some College,More than 1 year,3-4,No,Yes,No,Yes,No,No,No,Pay Per Meet (PPM),< $300,,8,8,8,8
12,13.0,6/25/2024 17:41:44,Connecticut,Hartford,,Sugar Daddy,East Indian,36-45,Married,Bachelor Degree,Latin / Hispanic,18-25,Single,High School Diploma,Less than a month,1-2,Yes,No,No,No,No,No,No,Pay Per Meet (PPM),< $300,,6,6,6,6
13,14.0,8/17/2024 12:41:18,Connecticut,Meriden,,Sugar Daddy,Latin / Hispanic,36-45,Divorced,Bachelor Degree,White / Caucasian,18-25,Single,High School Diploma,7-9 months,3-4,No,No,Yes,Yes,No,No,No,Weekly Allowance,$500-$599,,8,10,6,8
14,15.0,11/17/2024 23:07:57,Connecticut,Hartford,,Sugar Daddy,Asian,36-45,Divorced,Bachelor Degree,White / Caucasian,18-25,Single,Bachelor Degree,10-12 months,1-2,No,Yes,Yes,No,Yes,Yes,No,Pay Per Meet (PPM),$300-$399,,6,8,8,5
15,16.0,12/1/2024 5:55:10,Connecticut,Newtown,,Sugar Daddy,White / Caucasian,36-45,Single,Masters,White / Caucasian,18-25,Single,Some College,4-6 months,5-6,No,Yes,Yes,Yes,No,No,No,Pay Per Meet (PPM),< $300,,8,8,8,8
16,17.0,12/13/2024 18:13:40,Connecticut,Stamford,,Sugar Daddy,Indian,36-45,Married,Masters,,36-45,Married,Bachelor Degree,More than 1 year,3-4,No,Yes,Yes,Yes,Yes,Yes,Yes,Pay Per Meet (PPM),$300-$399,,7,8,7,7
17,18.0,2/6/2024 16:38:15,Maine,Portland,,Sugar Baby Female,White / Caucasian,26-35,Single,Bachelor Degree,White / Caucasian,46-55,Divorced,Some College,Less than a month,3-4,No,No,Yes,Yes,No,No,Yes,Pay Per Meet (PPM),"$1k - $1,999",,10,8,10,10
18,19.0,2/6/2024 23:27:14,Maine,Portland,,Sugar Daddy,White / Caucasian,36-45,Married,Bachelor Degree,White / Caucasian,18-25,Single,Bachelor Degree,1-3 months,1-2,No,"Yes, No",No,No,No,No,Yes,Gifts and Experiences,,"$1k- $1,999",7,7,7,7
19,20.0,5/13/2024 7:46:42,Maine,Portland,,Sugar Baby Female,Mixed,18-25,Single,Bachelor Degree,White / Caucasian,56-65,Divorced,Masters,More than 1 year,1-2,No,Yes,No,No,Yes,Yes,Yes,Monthly Allowance,,"$4k-$4,999",5,5,4,5
20,21.0,5/22/2024 13:02:21,Maine,Freeport,,Sugar Baby Female,White / Caucasian,26-35,Single,Associate Degree,White / Caucasian,46-55,Open Relationship,Doctorate,More than 1 year,3-4,No,No,Yes,No,Yes,Yes,Yes,Monthly Allowance,,"$9k-$9,999",10,10,9,10
21,22.0,7/24/2024 6:17:22,Maine,Kittery,,Sugar Baby Female,White / Caucasian,26-35,Single,Some College,White / Caucasian,46-55,Married,Masters,1-3 months,3-4,No,No,Yes,No,No,Yes,No,Pay Per Meet (PPM),$500-$599,,7,7,5,5
22,23.0,7/24/2024 15:53:37,Maine,Portland,,Sugar Baby Female,White / Caucasian,26-35,Single,Bachelor Degree,White / Caucasian,46-55,Single,Bachelor Degree,Less than a month,1-2,No,Yes,Yes,No,No,Yes,Yes,Pay Per Meet (PPM),$500-$599,,7,7,5,7
23,24.0,9/2/2024 22:24:05,Maine,augusta,,Sugar Daddy,White / Caucasian,46-55,Married,Doctorate,White / Caucasian,26-35,Open Relationship,Bachelor Degree,More than 1 year,1-2,No,No,Yes,Yes,No,Yes,No,Pay Per Meet (PPM),$500-$599,,9,8,8,7
24,25.0,1/21/2024 10:06:00,Massachusetts,Boston,,Sugar Daddy,Asian,46-55,Open Relationship,Masters,Black/African Descent,26-35,Open Relationship,Bachelor Degree,7-9 months,1-2,No,No,Yes,Yes,No,No,No,Monthly Allowance,,"$2k-$2,999",8,8,4,5
25,26.0,1/24/2024 13:21:32,Massachusetts,Boston,,Sugar Baby Female,White / Caucasian,18-25,Single,Masters,Black/African Descent,36-45,Divorced,Masters,More than 1 year,3-4,Yes,No,Yes,No,Yes,Yes,Yes,Monthly Allowance,,$10k or more,10,10,10,10
26,27.0,1/29/2024 15:32:08,Massachusetts,Boston,,Sugar Baby Female,Black/African Descent,18-25,Open Relationship,Bachelor Degree,White / Caucasian,36-45,Single,Bachelor Degree,Less than a month,3-4,Yes,Yes,No,No,"Yes, No",Yes,Yes,Monthly Allowance,,"$4k-$4,999",7,7,7,7
27,28.0,1/30/2024 0:59:06,Massachusetts,Boston,,Sugar Baby Female,Asian,18-25,Single,Bachelor Degree,White / Caucasian,56-65,Divorced,Doctorate,1-3 months,3-4,No,Yes,Yes,No,No,Yes,Yes,Monthly Allowance,,"$9k-$9,999",10,10,10,10
28,29.0,2/4/2024 15:44:34,Massachusetts,cambridge,,Sugar Baby Female,Asian,18-25,Single,Bachelor Degree,White / Caucasian,36-45,Single,Doctorate,1-3 months,3-4,Yes,No,No,No,No,No,No,Monthly Allowance,,"$2k-$2,999",5,5,5,5
29,30.0,2/16/2024 10:09:10,Massachusetts,Boston,,Sugar Daddy,East Indian,36-45,Single,Doctorate,White / Caucasian,18-25,Single,Some College,1-3 months,3-4,No,Yes,No,Yes,No,No,No,Pay Per Meet (PPM),$300-$399,,8,5,7,7
30,31.0,2/25/2024 13:14:44,Massachusetts,Boston,,Sugar Daddy,White / Caucasian,56-65,Single,Some College,White / Caucasian,26-35,Single,Masters,4-6 months,1-2,No,Yes,Yes,No,No,No,Yes,Pay Per Meet (PPM),$600-$699,,7,9,5,8
31,32.0,2/26/2024 11:10:56,Massachusetts,Springfield,,Sugar Baby Female,Latin / Hispanic,26-35,Divorced,Masters,White / Caucasian,46-55,Divorced,Masters,1-3 months,5-6,Yes,No,"Yes, No",No,Yes,No,No,Monthly Allowance,,"$2k-$2,999",2,2,5,1
32,33.0,3/27/2024 10:15:42,Massachusetts,Boston,,Sugar Baby Female,White / Caucasian,36-45,Single,Masters,White / Caucasian,56-65,Married,Masters,More than 1 year,3-4,No,No,Yes,No,Yes,No,Yes,Monthly Allowance,,$10k or more,9,9,9,9
33,34.0,5/1/2024 8:24:50,Massachusetts,Boston,,Sugar Daddy,Asian,46-55,Separated,Doctorate,White / Caucasian,26-35,Single,Some College,1-3 months,3-4,No,No,No,No,No,No,No,Pay Per Meet (PPM),$400-$499,,9,8,8,8
34,35.0,5/11/2024 11:26:54,Massachusetts,Boston,,Sugar Baby Female,Asian,26-35,Single,Masters,White / Caucasian,46-55,Divorced,Bachelor Degree,10-12 months,1-2,Yes,No,No,No,No,No,Yes,Monthly Allowance,,"$6k-$6,999",7,6,9,8
35,36.0,6/8/2024 0:38:45,Massachusetts,Boston,,Sugar Baby Female,Black/African Descent,18-25,Single,Some College,White / Caucasian,18-25,Single,Bachelor Degree,1-3 months,3-4,Yes,No,Yes,No,No,No,No,Pay Per Meet (PPM),"$1k - $1,999",,6,5,7,7
36,37.0,6/14/2024 22:05:42,Massachusetts,Boston,,Sugar Daddy,White / Caucasian,46-55,Separated,Doctorate,White / Caucasian,26-35,Single,Some College,10-12 months,3-4,Yes,No,Yes,No,Yes,No,Yes,Monthly Allowance,,"$1k- $1,999",8,8,6,9
37,38.0,6/16/2024 15:36:12,Massachusetts,somerville,,Sugar Daddy,White / Caucasian,46-55,Single,Bachelor Degree,White / Caucasian,18-25,Single,High School Diploma,More than 1 year,1-2,Yes,No,Yes,No,Yes,No,Yes,Monthly Allowance,,"$1k- $1,999",9,7,7,8
38,39.0,7/11/2024 23:23:17,Massachusetts,Boston,,Sugar Baby Female,White / Caucasian,18-25,Single,Doctorate,White / Caucasian,36-45,Married,Bachelor Degree,1-3 months,5-6,No,No,"Yes, No",No,Yes,No,Yes,Monthly Allowance,,"$5k-$5,999",7,7,7,7
39,40.0,7/23/2024 14:57:30,Massachusetts,Waltham,,Sugar Baby Female,White / Caucasian,26-35,Single,Some College,White / Caucasian,46-55,Single,Bachelor Degree,4-6 months,3-4,Yes,No,Yes,No,Yes,No,No,Monthly Allowance,,"$2k-$2,999",5,5,5,5
40,41.0,9/2/2024 13:19:00,Massachusetts,Malden,,Sugar Baby Female,White / Caucasian,18-25,Single,High School Diploma,White / Caucasian,26-35,Single,High School Diploma,More than 1 year,7-8,No,No,Yes,No,No,No,Yes,Weekly Allowance,$800-$899,,4,1,1,1
41,42.0,9/26/2024 22:57:24,Massachusetts,Boston,,Sugar Baby Female,White / Caucasian,26-35,Single,Doctorate,White / Caucasian,36-45,Divorced,Masters,1-3 months,3-4,No,Yes,Yes,No,Yes,No,No,Pay Per Meet (PPM),$900-$999,,6,4,8,10
42,43.0,9/26/2024 22:59:20,Massachusetts,Boston,,Sugar Baby Female,White / Caucasian,26-35,Single,Doctorate,Latin / Hispanic,36-45,Single,Masters,1-3 months,1-2,No,Yes,Yes,No,Yes,Yes,Yes,Pay Per Meet (PPM),$800-$899,,5,6,5,7
43,44.0,9/26/2024 23:01:05,Massachusetts,Boston,,Sugar Baby Female,White / Caucasian,26-35,Single,Doctorate,East Indian,36-45,Single,Masters,4-6 months,1-2,No,Yes,No,No,No,No,No,Pay Per Meet (PPM),$800-$899,,5,5,4,7
44,45.0,10/1/2024 19:17:08,Massachusetts,holyoke,,Sugar Baby Female,,26-35,Single,Some College,,46-55,Single,Masters,Less than a month,1-2,Yes,Yes,Yes,Yes,Yes,Yes,Yes,Pay Per Meet (PPM),$300-$399,,5,4,4,4
45,46.0,10/2/2024 15:08:13,Massachusetts,Taunton,,Sugar Daddy,Mixed,18-25,Single,Associate Degree,don't have/don't care,18-25,Single,Some College,4-6 months,1-2,"Yes, No",No,No,No,No,Yes,Yes,Pay Per Meet (PPM),< $300,,5,5,5,5
46,47.0,11/18/2024 20:21:45,Massachusetts,Boston,,Sugar Baby Female,White / Caucasian,18-25,Single,Some College,White / Caucasian,56-65,Separated,Doctorate,More than 1 year,1-2,No,No,Yes,No,Yes,Yes,Yes,Pay Per Meet (PPM),$600-$699,,6,4,8,4
47,48.0,11/24/2024 8:41:18,Massachusetts,Boston,,Sugar Baby Female,White / Caucasian,26-35,Single,Masters,White / Caucasian,46-55,Married,Masters,1-3 months,5-6,Yes,No,No,No,Yes,No,Yes,Monthly Allowance,,"$9k-$9,999",10,8,9,8
48,49.0,11/24/2024 21:26:59,Massachusetts,Boston,,Sugar Baby Female,Latin / Hispanic,36-45,Single,Associate Degree,White / Caucasian,46-55,Married,Masters,1-3 months,3-4,No,No,Yes,Yes,No,Yes,Yes,Pay Per Meet (PPM),$500-$599,,7,7,6,7
49,50.0,12/1/2024 14:03:05,Massachusetts,Worcester,,Sugar Daddy,White / Caucasian,36-45,Single,Some College,,18-25,Single,Some College,Less than a month,3-4,Yes,No,Yes,No,Yes,Yes,Yes,Pay Per Meet (PPM),$300-$399,,7,7,7,7
50,51.0,12/5/2024 0:19:19,Massachusetts,Boston,,Sugar Daddy,White / Caucasian,26-35,Single,Doctorate,White / Caucasian,18-25,Single,Bachelor Degree,1-3 months,1-2,Yes,No,Yes,No,Yes,No,No,Pay Per Meet (PPM),< $300,,10,10,10,10
51,52.0,12/29/2024 13:05:58,Massachusetts,Boston,,Sugar Daddy,White / Caucasian,26-35,Single,Bachelor Degree,White / Caucasian,26-35,Single,Bachelor Degree,Less than a month,1-2,Yes,Yes,Yes,Yes,Yes,Yes,Yes,Pay Per Meet (PPM),< $300,,1,1,1,1
52,53.0,7/3/2024 0:42:33,New Hampshire,Manchester,,Sugar Daddy,Latin / Hispanic,46-55,Separated,Bachelor Degree,White / Caucasian,26-35,Single,High School Diploma,Less than a month,3-4,Yes,No,Yes,No,Yes,Yes,Yes,Monthly Allowance,,"$1k- $1,999",7,7,7,7
53,54.0,7/25/2024 1:41:16,New Hampshire,Manchester,,Sugar Daddy,Latin / Hispanic,36-45,Single,Masters,White / Caucasian,26-35,Single,High School Diploma,Less than a month,1-2,No,No,No,No,No,No,No,Pay Per Meet (PPM),$400-$499,,7,8,7,6
54,55.0,9/7/2024 10:07:04,New Hampshire,Concord,,Sugar Baby Male,White / Caucasian,18-25,Single,Some College,No partner,18-25,Open Relationship,Less than High School,Less than a month,10+,No,No,Yes,No,Yes,Yes,Yes,Weekly Allowance,$600-$699,,1,1,1,1
55,56.0,9/27/2024 22:39:05,New Hampshire,Manchester,,Sugar Baby Female,Black/African Descent,26-35,Open Relationship,Bachelor Degree,White / Caucasian,46-55,Open Relationship,Associate Degree,More than 1 year,3-4,No,Yes,Yes,No,Yes,Yes,Yes,Gifts and Experiences,,"$3k-$3,999",10,10,10,10
56,57.0,1/21/2024 10:36:57,New Jersey,Hoboken,,Sugar Daddy,White / Caucasian,36-45,Divorced,Some College,Asian,18-25,Single,Some College,1-3 months,5-6,No,Yes,Yes,No,Yes,No,Yes,Monthly Allowance,,"$5k-$5,999",8,9,4,6
57,58.0,1/21/2024 10:56:07,New Jersey,Wayne,,Sugar Baby Female,Asian,26-35,Single,Bachelor Degree,White / Caucasian,56-65,Widow,Masters,10-12 months,7-8,Yes,No,Yes,No,Yes,No,Yes,Gifts and Experiences,,"$9k-$9,999",10,10,8,10
58,59.0,2/11/2024 16:13:57,New Jersey,Princeton,,Sugar Daddy,White / Caucasian,56-65,Single,Some College,Mixed,18-25,Single,Some College,Less than a month,1-2,No,No,Yes,Yes,Yes,No,Yes,Pay Per Meet (PPM),$600-$699,,9,8,7,8
59,60.0,3/9/2024 14:39:11,New Jersey,Cherry hill,,Sugar Daddy,White / Caucasian,46-55,Single,Masters,White / Caucasian,18-25,Single,Masters,1-3 months,3-4,No,Yes,No,Yes,Yes,No,Yes,Pay Per Meet (PPM),< $300,,8,7,8,8
60,61.0,3/9/2024 14:46:33,New Jersey,Wall,,Sugar Daddy,White / Caucasian,46-55,Single,Masters,White / Caucasian,18-25,Single,Bachelor Degree,Less than a month,3-4,No,Yes,No,Yes,Yes,No,No,Pay Per Meet (PPM),< $300,,8,8,8,8
61,62.0,3/9/2024 14:49:03,New Jersey,Ridgewood,,Sugar Daddy,White / Caucasian,56-65,Single,Masters,White / Caucasian,18-25,Single,High School Diploma,Less than a month,5-6,No,Yes,No,Yes,Yes,No,No,Pay Per Meet (PPM),< $300,,8,8,8,8
62,63.0,3/9/2024 14:50:32,New Jersey,Mount Laurel,,Sugar Daddy,White / Caucasian,56-65,Single,Masters,White / Caucasian,18-25,Single,High School Diploma,4-6 months,5-6,No,Yes,No,Yes,Yes,No,No,Pay Per Meet (PPM),< $300,,8,8,8,8
63,64.0,3/9/2024 14:53:48,New Jersey,Wall,,Sugar Daddy,White / Caucasian,46-55,Single,Masters,White / Caucasian,18-25,Single,High School Diploma,Less than a month,5-6,No,Yes,No,No,Yes,No,No,Pay Per Meet (PPM),< $300,,8,8,8,8
64,65.0,3/10/2024 3:25:46,New Jersey,Hoboken,,Sugar Daddy,Mixed,56-65,Open Relationship,Doctorate,Mixed,56-65,Open Relationship,Bachelor Degree,7-9 months,5-6,Yes,No,Yes,Yes,Yes,Yes,Yes,Monthly Allowance,,"$2k-$2,999",10,10,10,10
65,66.0,3/13/2024 12:52:39,New Jersey,Pennsauken,,Sugar Baby Male,Latin / Hispanic,18-25,Single,High School Diploma,Mixed,36-45,Single,Some College,4-6 months,1-2,Yes,No,No,Yes,No,Yes,"Yes, No",Monthly Allowance,,"$1k- $1,999",3,3,3,3
66,67.0,4/3/2024 13:17:21,New Jersey,vineland,,Sugar Baby Female,Latin / Hispanic,56-65,Divorced,Bachelor Degree,White / Caucasian,56-65,Divorced,Masters,10-12 months,5-6,Yes,No,Yes,No,Yes,No,No,Gifts and Experiences,,"$1k- $1,999",2,3,10,4
67,68.0,4/24/2024 15:18:02,New Jersey,Long Branch,,Sugar Daddy,White / Caucasian,36-45,Open Relationship,Bachelor Degree,White / Caucasian,26-35,Open Relationship,Some College,4-6 months,3-4,No,Yes,Yes,Yes,No,No,No,Pay Per Meet (PPM),$300-$399,,8,8,8,8
68,69.0,5/13/2024 7:40:17,New Jersey,Princeton,,Sugar Baby Female,Black/African Descent,18-25,Single,Masters,White / Caucasian,46-55,Married,Doctorate,More than 1 year,5-6,No,Yes,Yes,No,Yes,Yes,Yes,Monthly Allowance,,$8-$8.999,9,8,8,7
69,70.0,5/20/2024 21:46:42,New Jersey,South,,Sugar Baby Female,Mixed,18-25,Single,Associate Degree,Mixed,18-25,Single,Associate Degree,1-3 months,5-6,Yes,No,Yes,No,Yes,No,Yes,Gifts and Experiences,,"$1k- $1,999",10,6,10,10
70,71.0,6/14/2024 12:13:58,New Jersey,Old Bridge,,Sugar Baby Female,Latin / Hispanic,18-25,Single,High School Diploma,Latin / Hispanic,56-65,Divorced,Bachelor Degree,Less than a month,3-4,No,Yes,No,No,Yes,Yes,Yes,Pay Per Meet (PPM),$500-$599,,8,7,7,8
71,72.0,6/14/2024 12:18:58,New Jersey,Old Bridge,,Sugar Baby Female,Latin / Hispanic,18-25,Single,High School Diploma,White / Caucasian,56-65,Divorced,Bachelor Degree,1-3 months,3-4,No,Yes,No,No,Yes,Yes,Yes,Pay Per Meet (PPM),$500-$599,,7,8,9,8
72,73.0,6/21/2024 2:15:55,New Jersey,New brunswick,,Sugar Baby Female,White / Caucasian,26-35,Open Relationship,Bachelor Degree,Asian,46-55,Married,Masters,More than 1 year,1-2,No,Yes,Yes,No,No,No,No,Pay Per Meet (PPM),$500-$599,,8,6,10,10
73,74.0,6/24/2024 4:31:14,New Jersey,Jersey City,,Sugar Baby Female,Mixed,26-35,Single,Some College,White / Caucasian,46-55,Single,Bachelor Degree,More than 1 year,7-8,No,Yes,Yes,No,Yes,No,Yes,Monthly Allowance,,"$5k-$5,999",9,9,10,9
74,75.0,7/15/2024 0:41:02,New Jersey,Brick,,Sugar Baby Female,White / Caucasian,18-25,Single,Some College,White / Caucasian,36-45,Single,Bachelor Degree,Less than a month,3-4,No,No,Yes,Yes,No,No,No,Weekly Allowance,$500-$599,,5,5,5,5
75,76.0,7/20/2024 23:23:14,New Jersey,Jersey city,,Sugar Daddy,Black/African Descent,36-45,Single,Bachelor Degree,White / Caucasian,26-35,Single,Some College,Less than a month,1-2,Yes,No,Yes,No,Yes,No,Yes,Monthly Allowance,,"$1k- $1,999",10,10,10,10
76,77.0,7/25/2024 21:13:27,New Jersey,Newark,,Sugar Daddy,White / Caucasian,66-75,Single,Some College,White / Caucasian,36-45,Single,Some College,1-3 months,3-4,No,No,"Yes, No",Yes,No,No,Yes,Pay Per Meet (PPM),$500-$599,,7,7,7,6
77,78.0,8/5/2024 14:58:41,New Jersey,"Morristown, NJ",,Sugar Baby Female,Mixed,18-25,Single,Some College,Mixed,56-65,Divorced,Bachelor Degree,7-9 months,3-4,Yes,Yes,Yes,Yes,No,No,Yes,Monthly Allowance,,"$2k-$2,999",9,8,5,7
78,79.0,8/9/2024 18:34:59,New Jersey,Old Bridge,,Sugar Baby Female,Latin / Hispanic,18-25,Single,High School Diploma,White / Caucasian,56-65,Divorced,Some College,1-3 months,3-4,No,Yes,Yes,No,No,No,Yes,Pay Per Meet (PPM),$600-$699,,7,6,8,7
79,80.0,8/9/2024 20:07:23,New Jersey,Delran,,Sugar Baby Female,Black/African Descent,26-35,Single,Bachelor Degree,Black/African Descent,36-45,Divorced,Masters,More than 1 year,1-2,No,No,Yes,No,Yes,No,Yes,Pay Per Meet (PPM),$300-$399,,6,3,7,1
80,81.0,8/11/2024 16:59:11,New Jersey,Red Bank,,Sugar Daddy,White / Caucasian,66-75,Divorced,Masters,White / Caucasian,36-45,Divorced,Some College,7-9 months,1-2,No,No,Yes,No,No,No,Yes,Pay Per Meet (PPM),$700-$799,,2,5,3,5
81,82.0,9/3/2024 15:33:39,New Jersey,morristown,,Sugar Baby Female,Mixed,26-35,Single,Bachelor Degree,White / Caucasian,36-45,Single,Bachelor Degree,4-6 months,7-8,No,Yes,Yes,No,Yes,No,Yes,Weekly Allowance,$600-$699,,6,4,7,5
82,83.0,9/13/2024 3:45:34,New Jersey,Mahwah,,Sugar Daddy,White / Caucasian,36-45,Married,Some College,White / Caucasian,26-35,Divorced,Some College,1-3 months,1-2,No,Yes,No,Yes,No,No,No,Pay Per Meet (PPM),< $300,,8,8,6,7
83,84.0,9/15/2024 18:56:01,New Jersey,Edison,,Sugar Daddy,East Indian,36-45,Divorced,Bachelor Degree,White / Caucasian,26-35,Open Relationship,Some College,More than 1 year,1-2,No,No,Yes,No,No,No,Yes,Pay Per Meet (PPM),$900-$999,,8,10,8,7
84,85.0,9/21/2024 3:01:14,New Jersey,Princeton,,Sugar Daddy,White / Caucasian,56-65,Single,Some College,Asian,18-25,Single,Some College,7-9 months,1-2,No,No,Yes,Yes,No,Yes,Yes,Pay Per Meet (PPM),$600-$699,,8,6,8,8
85,86.0,10/1/2024 19:41:17,New Jersey,Lavalette,,Sugar Baby Female,White / Caucasian,36-45,Separated,High School Diploma,White / Caucasian,56-65,Widow,Bachelor Degree,Less than a month,3-4,Yes,No,No,No,No,Yes,No,Pay Per Meet (PPM),< $300,,5,5,5,5
86,87.0,10/2/2024 18:16:27,New Jersey,Camden,,Sugar Baby Female,White / Caucasian,46-55,Divorced,Associate Degree,White / Caucasian,46-55,Divorced,High School Diploma,1-3 months,1-2,No,Yes,Yes,Yes,No,No,No,Pay Per Meet (PPM),"$1k - $1,999",,8,8,5,7
87,88.0,10/14/2024 15:50:54,New Jersey,Paterson,,Sugar Daddy,Latin / Hispanic,26-35,Married,Bachelor Degree,Latin / Hispanic,26-35,Married,Associate Degree,1-3 months,5-6,No,No,No,Yes,No,No,Yes,Pay Per Meet (PPM),< $300,,5,5,5,5
88,89.0,10/20/2024 10:46:06,New Jersey,Paramus,,Sugar Daddy,Asian,36-45,Single,Bachelor Degree,White / Caucasian,18-25,Single,Bachelor Degree,1-3 months,1-2,Yes,No,No,No,No,No,No,Pay Per Meet (PPM),$400-$499,,7,7,7,7
89,90.0,11/7/2024 11:13:46,New Jersey,Trenton,,Sugar Daddy,White / Caucasian,36-45,Married,Bachelor Degree,White / Caucasian,26-35,Single,Some College,4-6 months,3-4,No,Yes,No,Yes,No,No,No,Pay Per Meet (PPM),$300-$399,,7,5,8,5
90,91.0,12/6/2024 1:12:52,New Jersey,MORRISTOWN,,Sugar Baby Female,Mixed,36-45,Single,Bachelor Degree,Latin / Hispanic,36-45,Single,Masters,1-3 months,3-4,No,Yes,Yes,No,Yes,Yes,Yes,Pay Per Meet (PPM),$500-$599,,7,7,7,7
91,92.0,12/6/2024 18:38:19,New Jersey,Newark,,Sugar Daddy,Black/African Descent,36-45,Single,Masters,Black/African Descent,26-35,Single,Associate Degree,Less than a month,3-4,Yes,No,Yes,No,No,No,No,Pay Per Meet (PPM),$500-$599,,6,7,6,9
92,93.0,12/28/2024 16:31:40,New Jersey,Morristown,,Sugar Baby Female,White / Caucasian,36-45,Divorced,Masters,White / Caucasian,46-55,Married,High School Diploma,More than 1 year,1-2,Yes,No,Yes,No,Yes,No,Yes,Monthly Allowance,,"$1k- $1,999",1,10,1,10
93,94.0,1/21/2024 1:05:12,New York,New york,,Sugar Baby Female,Black/African Descent,36-45,Single,Some College,White / Caucasian,56-65,Married,Bachelor Degree,More than 1 year,3-4,Yes,No,Yes,No,Yes,Yes,Yes,Monthly Allowance,,"$2k-$2,999",8,5,5,6
94,95.0,1/21/2024 7:15:26,New York,Watervliet,,Sugar Baby Female,White / Caucasian,26-35,Single,Associate Degree,White / Caucasian,26-35,Divorced,Associate Degree,1-3 months,1-2,No,Yes,Yes,Yes,No,No,No,Pay Per Meet (PPM),$400-$499,,10,10,10,10
95,96.0,1/21/2024 7:39:00,New York,New York,,Sugar Baby Female,Latin / Hispanic,26-35,Single,High School Diploma,White / Caucasian,46-55,Married,Masters,1-3 months,3-4,Yes,No,Yes,No,Yes,Yes,Yes,Pay Per Meet (PPM),$500-$599,,8,8,8,4
96,97.0,1/21/2024 9:57:57,New York,Brooklyn,,Sugar Baby Female,Latin / Hispanic,26-35,Single,Masters,Mixed,46-55,Separated,Doctorate,7-9 months,5-6,No,No,"Yes, No",No,Yes,No,Yes,Monthly Allowance,,"$5k-$5,999",9,10,7,9
97,98.0,1/21/2024 14:37:09,New York,New York,,Sugar Daddy,East Indian,26-35,Married,Masters,White / Caucasian,26-35,Single,Some College,4-6 months,1-2,Yes,No,Yes,No,Yes,Yes,No,Pay Per Meet (PPM),$300-$399,,9,9,9,9
98,99.0,1/21/2024 17:45:08,New York,New york,,Sugar Daddy,White / Caucasian,36-45,Married,Doctorate,White / Caucasian,18-25,Open Relationship,Bachelor Degree,1-3 months,3-4,No,No,Yes,No,Yes,No,No,Gifts and Experiences,,"$4k-$4,999",9,6,6,6
99,100.0,2/1/2024 12:42:13,New York,Manhattan,,Sugar Baby Female,White / Caucasian,18-25,Single,Some College,White / Caucasian,36-45,Single,Some College,1-3 months,10+,Yes,No,Yes,No,Yes,Yes,Yes,Weekly Allowance,"$1k - $1,999",,7,7,7,7
100,101.0,2/1/2024 20:38:40,New York,Freedom,,Sugar Baby Female,White / Caucasian,36-45,Separated,Some College,White / Caucasian,26-35,Single,Associate Degree,4-6 months,3-4,No,No,Yes,No,Yes,No,No,Pay Per Meet (PPM),< $300,,3,3,7,1
101,102.0,2/2/2024 19:05:52,New York,New York City,,Sugar Daddy,Asian,26-35,Single,Masters,Asian,18-25,Single,Bachelor Degree,1-3 months,5-6,No,No,Yes,No,No,No,No,Monthly Allowance,,"$2k-$2,999",9,7,9,8
102,103.0,2/3/2024 10:14:46,New York,New York,,Sugar Daddy,Asian,36-45,Divorced,Bachelor Degree,White / Caucasian,26-35,Single,Bachelor Degree,7-9 months,10+,No,Yes,Yes,No,Yes,Yes,Yes,Monthly Allowance,,$10k or more,10,10,10,10
103,104.0,2/5/2024 15:26:45,New York,nyc,,Sugar Baby Female,Asian,26-35,Single,Bachelor Degree,White / Caucasian,36-45,Divorced,Bachelor Degree,7-9 months,3-4,No,No,Yes,No,Yes,No,Yes,Monthly Allowance,,"$4k-$4,999",9,8,8,10
104,105.0,2/6/2024 17:28:08,New York,Cape Vincent,,Sugar Daddy,White / Caucasian,36-45,Single,Masters,White / Caucasian,26-35,Widow,Bachelor Degree,Less than a month,1-2,No,No,Yes,No,No,No,Yes,Pay Per Meet (PPM),< $300,,10,10,10,10
105,106.0,2/8/2024 4:11:44,New York,Hampton Bays,,Sugar Daddy,White / Caucasian,56-65,Divorced,Bachelor Degree,White / Caucasian,26-35,Single,Some College,1-3 months,3-4,Yes,No,Yes,Yes,Yes,Yes,Yes,Pay Per Meet (PPM),$900-$999,,7,7,8,8
106,107.0,2/9/2024 13:35:38,New York,NYC,,Sugar Baby Female,Latin / Hispanic,26-35,Married,Bachelor Degree,White / Caucasian,36-45,Married,Masters,Less than a month,3-4,Yes,No,No,No,No,Yes,Yes,Pay Per Meet (PPM),"$1k - $1,999",,9,8,10,7
107,108.0,2/10/2024 4:38:59,New York,NYC,,Sugar Daddy,Asian,26-35,Single,Bachelor Degree,White / Caucasian,18-25,Single,Some College,More than 1 year,5-6,No,Yes,Yes,No,Yes,No,Yes,Gifts and Experiences,,"$3k-$3,999",8,5,7,6
108,109.0,2/11/2024 10:26:21,New York,Rochester,,Sugar Daddy,White / Caucasian,66-75,Married,Masters,White / Caucasian,26-35,Single,Bachelor Degree,4-6 months,3-4,No,Yes,Yes,Yes,No,No,Yes,Pay Per Meet (PPM),$300-$399,,7,8,9,7
109,110.0,2/15/2024 5:50:43,New York,westchester,,Sugar Daddy,White / Caucasian,56-65,Divorced,Bachelor Degree,White / Caucasian,26-35,Single,High School Diploma,1-3 months,3-4,No,No,Yes,Yes,Yes,No,Yes,Pay Per Meet (PPM),$300-$399,,8,8,8,8
110,111.0,2/15/2024 15:59:09,New York,New York City,,Sugar Baby Female,Asian,26-35,Single,Masters,Middle Eastern,46-55,Single,Bachelor Degree,1-3 months,3-4,Yes,No,Yes,No,Yes,Yes,No,Pay Per Meet (PPM),$300-$399,,10,7,10,8
111,112.0,2/15/2024 18:33:35,New York,Manhattan,,Sugar Baby Female,White / Caucasian,18-25,Single,Bachelor Degree,White / Caucasian,56-65,Single,Bachelor Degree,Less than a month,1-2,No,Yes,No,Yes,No,No,"Yes, No",Monthly Allowance,,"$1k- $1,999",4,3,6,5
112,113.0,2/19/2024 13:14:06,New York,Buffalo,,Sugar Daddy,White / Caucasian,26-35,Single,Bachelor Degree,White / Caucasian,18-25,Single,Some College,7-9 months,5-6,Yes,No,Yes,No,Yes,No,Yes,Monthly Allowance,,"$4k-$4,999",8,10,6,7
113,114.0,2/19/2024 13:56:27,New York,New York,,Sugar Baby Female,Black/African Descent,18-25,Single,Some College,Latin / Hispanic,26-35,Single,Masters,More than 1 year,10+,Yes,No,Yes,No,Yes,No,Yes,Monthly Allowance,,"$1k- $1,999",9,6,9,7
114,115.0,2/20/2024 20:38:02,New York,Buffalo,,Sugar Baby Female,Latin / Hispanic,26-35,Single,High School Diploma,White / Caucasian,46-55,Single,High School Diploma,10-12 months,3-4,No,No,No,Yes,Yes,Yes,Yes,Pay Per Meet (PPM),$500-$599,,4,4,4,8
115,116.0,2/21/2024 5:55:34,New York,Syracuse,,Sugar Baby Female,White / Caucasian,36-45,Separated,Bachelor Degree,White / Caucasian,46-55,Single,Masters,More than 1 year,3-4,No,No,Yes,No,Yes,No,Yes,Gifts and Experiences,,"$5k-$5,999",5,5,3,2
116,117.0,2/21/2024 7:02:44,New York,Buffalo,,Sugar Baby Male,White / Caucasian,18-25,Open Relationship,High School Diploma,White / Caucasian,18-25,Open Relationship,High School Diploma,More than 1 year,3-4,Yes,No,Yes,No,Yes,Yes,Yes,Weekly Allowance,$300-$399,,1,1,1,1
117,118.0,2/21/2024 9:01:30,New York,Brooklyn,,Sugar Baby Female,Black/African Descent,26-35,Single,Some College,Black/African Descent,36-45,Married,Bachelor Degree,10-12 months,3-4,No,No,No,Yes,Yes,Yes,Yes,Weekly Allowance,$500-$599,,9,9,10,10
118,119.0,2/24/2024 0:23:04,New York,New York,,Sugar Daddy,East Indian,46-55,Married,Masters,East Indian,18-25,Single,Some College,1-3 months,1-2,No,No,No,No,No,No,No,Pay Per Meet (PPM),$800-$899,,6,5,3,2
119,120.0,2/27/2024 19:21:19,New York,Flushing,,Sugar Daddy,Asian,46-55,Married,Masters,Asian,26-35,Single,Bachelor Degree,1-3 months,5-6,No,Yes,Yes,Yes,No,Yes,Yes,Pay Per Meet (PPM),$900-$999,,9,9,10,10
120,121.0,2/29/2024 15:49:24,New York,NYC,,Sugar Daddy,White / Caucasian,36-45,Married,Bachelor Degree,Mixed,26-35,Single,Bachelor Degree,4-6 months,3-4,No,No,Yes,No,Yes,No,Yes,Monthly Allowance,,"$2k-$2,999",6,4,2,3
121,122.0,3/5/2024 7:09:39,New York,New york,,Sugar Daddy,Asian,36-45,Single,Bachelor Degree,Asian,18-25,Single,High School Diploma,1-3 months,1-2,Yes,No,No,Yes,No,No,Yes,Pay Per Meet (PPM),$600-$699,,5,5,5,5
122,123.0,3/10/2024 10:09:21,New York,New York,,Sugar Baby Female,Asian,18-25,Single,Bachelor Degree,White / Caucasian,46-55,Married,Doctorate,Less than a month,1-2,Yes,No,No,Yes,No,No,Yes,Weekly Allowance,$800-$899,,5,5,5,8
123,124.0,4/5/2024 1:18:32,New York,Brooklyn,,Sugar Daddy,Black/African Descent,26-35,Single,High School Diploma,,18-25,Single,High School Diploma,Less than a month,1-2,No,Yes,Yes,Yes,No,No,No,Pay Per Meet (PPM),$400-$499,,8,10,5,5
124,125.0,4/5/2024 11:15:36,New York,New York,,Sugar Daddy,White / Caucasian,46-55,Married,Bachelor Degree,White / Caucasian,26-35,Single,Associate Degree,1-3 months,1-2,No,No,Yes,No,No,No,No,Pay Per Meet (PPM),$500-$599,,2,5,6,5
125,126.0,4/24/2024 14:43:20,New York,New York City,,Sugar Baby Female,Latin / Hispanic,18-25,Single,Associate Degree,White / Caucasian,36-45,Married,Masters,1-3 months,3-4,No,No,No,No,Yes,No,No,Pay Per Meet (PPM),$300-$399,,1,1,1,1
126,127.0,4/25/2024 7:17:16,New York,New York,,Sugar Daddy,Asian,46-55,Married,Masters,Asian,26-35,Single,Bachelor Degree,More than 1 year,3-4,No,No,Yes,No,Yes,Yes,Yes,Pay Per Meet (PPM),"$1k - $1,999",,8,8,8,8
127,128.0,4/27/2024 13:35:01,New York,Nyc,,Sugar Baby Female,Asian,18-25,Single,Some College,Asian,26-35,Single,Associate Degree,1-3 months,5-6,No,Yes,No,Yes,No,No,No,Pay Per Meet (PPM),$800-$899,,7,7,7,7
128,129.0,5/4/2024 22:18:55,New York,Poughkeepsie,,Sugar Daddy,White / Caucasian,56-65,Married,Masters,Black/African Descent,18-25,Single,Bachelor Degree,More than 1 year,7-8,No,No,Yes,No,Yes,No,No,Monthly Allowance,,"$1k- $1,999",8,7,7,8
129,130.0,5/13/2024 7:36:29,New York,NYC,,Sugar Baby Female,Asian,26-35,Single,Masters,White / Caucasian,56-65,Married,Doctorate,More than 1 year,3-4,No,Yes,Yes,No,Yes,Yes,Yes,Monthly Allowance,,$10k or more,9,9,8,8
130,131.0,5/13/2024 7:38:21,New York,New York City,,Sugar Baby Female,Black/African Descent,18-25,Married,Doctorate,White / Caucasian,56-65,Married,Masters,More than 1 year,7-8,Yes,No,Yes,No,Yes,Yes,Yes,Monthly Allowance,,$10k or more,10,9,10,9
131,132.0,5/13/2024 7:44:54,New York,NYC,,Sugar Baby Female,Black/African Descent,18-25,Single,Masters,White / Caucasian,46-55,Married,Masters,7-9 months,1-2,No,Yes,Yes,Yes,No,No,No,Monthly Allowance,,"$4k-$4,999",6,6,6,6
132,133.0,5/13/2024 7:53:21,New York,New York City,,Sugar Baby Female,Black/African Descent,26-35,Married,Masters,White / Caucasian,56-65,Divorced,Masters,More than 1 year,3-4,No,Yes,Yes,No,Yes,Yes,Yes,Weekly Allowance,$3k or more,,10,10,10,10
133,134.0,5/13/2024 7:54:46,New York,NYC,,Sugar Baby Female,Black/African Descent,18-25,Single,Bachelor Degree,White / Caucasian,56-65,Married,Masters,More than 1 year,9-10,Yes,No,Yes,No,Yes,Yes,Yes,Weekly Allowance,$3k or more,,10,10,10,10
134,135.0,5/14/2024 23:11:34,New York,NYC,,Sugar Baby Female,Latin / Hispanic,26-35,Married,Bachelor Degree,White / Caucasian,36-45,Married,Masters,1-3 months,3-4,Yes,No,Yes,No,No,No,Yes,Pay Per Meet (PPM),"$2k - $2,999",,10,10,10,10
135,136.0,5/20/2024 18:01:03,New York,New York City,,Sugar Baby Female,White / Caucasian,46-55,Divorced,Masters,White / Caucasian,56-65,Married,Bachelor Degree,1-3 months,3-4,Yes,No,Yes,Yes,No,No,No,Monthly Allowance,,$10k or more,9,10,8,8
136,137.0,5/21/2024 21:01:29,New York,Syracuse,,Sugar Daddy,White / Caucasian,36-45,Open Relationship,Bachelor Degree,White / Caucasian,18-25,Single,Some College,Less than a month,3-4,No,No,No,Yes,No,No,Yes,Pay Per Meet (PPM),$500-$599,,7,5,8,7
137,138.0,5/29/2024 13:36:58,New York,NYC,,Sugar Daddy,Middle Eastern,26-35,Single,Bachelor Degree,Latin / Hispanic,18-25,Single,Some College,Less than a month,1-2,No,No,Yes,Yes,No,No,No,Pay Per Meet (PPM),$300-$399,,8,8,8,9
138,139.0,6/2/2024 10:04:15,New York,Rochester,,Sugar Baby Female,White / Caucasian,26-35,Single,Bachelor Degree,White / Caucasian,36-45,Married,Doctorate,7-9 months,5-6,Yes,No,No,Yes,No,No,Yes,Monthly Allowance,,"$5k-$5,999",8,8,8,8
139,140.0,6/7/2024 15:57:10,New York,Syracuse,,Sugar Daddy,White / Caucasian,36-45,Open Relationship,Bachelor Degree,White / Caucasian,18-25,Single,High School Diploma,Less than a month,1-2,No,No,No,Yes,No,No,No,Pay Per Meet (PPM),$500-$599,,8,5,8,5
140,141.0,6/12/2024 11:19:59,New York,Manhattan,,Sugar Baby Female,Black/African Descent,18-25,Single,Bachelor Degree,White / Caucasian,26-35,Single,Bachelor Degree,Less than a month,1-2,No,No,Yes,No,Yes,Yes,Yes,Weekly Allowance,$300-$399,,5,1,10,10
141,142.0,6/14/2024 12:25:37,New York,Albany,,Sugar Baby Female,White / Caucasian,36-45,Single,Associate Degree,White / Caucasian,36-45,Married,Masters,More than 1 year,10+,No,Yes,Yes,Yes,No,No,No,Pay Per Meet (PPM),$300-$399,,9,5,3,6
142,143.0,6/16/2024 3:22:08,New York,New york,,Sugar Baby Female,Asian,18-25,Single,Bachelor Degree,White / Caucasian,46-55,Single,Bachelor Degree,1-3 months,3-4,No,No,No,Yes,No,No,No,Pay Per Meet (PPM),$300-$399,,4,1,10,1
143,144.0,6/29/2024 8:17:30,New York,New york,,Sugar Baby Female,White / Caucasian,26-35,Single,Bachelor Degree,Various SR,36-45,Divorced,Bachelor Degree,1-3 months,3-4,No,Yes,Yes,No,No,Yes,Yes,Monthly Allowance,,"$4k-$4,999",8,7,7,5
144,145.0,7/2/2024 10:17:15,New York,New York,,Sugar Daddy,White / Caucasian,56-65,Divorced,Masters,White / Caucasian,26-35,Single,Masters,More than 1 year,10+,Yes,No,Yes,No,Yes,No,Yes,Monthly Allowance,,"$2k-$2,999",9,9,10,10
145,146.0,7/3/2024 17:15:24,New York,New York,,Sugar Baby Female,White / Caucasian,18-25,Single,Masters,White / Caucasian,36-45,Separated,Masters,Less than a month,1-2,No,No,Yes,Yes,"Yes, No",Yes,No,Pay Per Meet (PPM),$300-$399,,5,5,6,3
146,147.0,7/3/2024 23:23:11,New York,Rochester,,Sugar Baby Female,Asian,26-35,Single,Bachelor Degree,White / Caucasian,56-65,Married,Masters,More than 1 year,1-2,No,Yes,No,No,No,No,No,Pay Per Meet (PPM),"$1k - $1,999",,10,10,10,10
147,148.0,7/3/2024 23:25:17,New York,Ithaca,,Sugar Baby Female,Asian,26-35,Single,Bachelor Degree,White / Caucasian,56-65,Divorced,Masters,More than 1 year,1-2,No,Yes,No,Yes,No,No,No,Pay Per Meet (PPM),$700-$799,,9,9,10,10
148,149.0,7/7/2024 20:19:19,New York,Nyc,,Sugar Baby Female,Latin / Hispanic,18-25,Single,Bachelor Degree,Latin / Hispanic,36-45,Single,High School Diploma,1-3 months,5-6,Yes,No,Yes,No,No,No,Yes,Monthly Allowance,,"$2k-$2,999",9,8,6,9
149,150.0,7/8/2024 17:38:42,New York,New york,,Sugar Baby Female,White / Caucasian,18-25,Open Relationship,Some College,White / Caucasian,36-45,Married,Masters,Less than a month,1-2,No,Yes,No,Yes,No,Yes,Yes,Pay Per Meet (PPM),"$1k - $1,999",,9,9,5,8
150,151.0,7/9/2024 11:55:45,New York,Queens,,Sugar Baby Female,Latin / Hispanic,18-25,Single,Some College,White / Caucasian,56-65,Divorced,Doctorate,Less than a month,3-4,No,No,Yes,No,Yes,Yes,No,Pay Per Meet (PPM),$500-$599,,8,7,9,10
151,152.0,7/9/2024 23:29:36,New York,Queens,,Sugar Baby Female,Black/African Descent,18-25,Single,Some College,White / Caucasian,36-45,Separated,Bachelor Degree,Less than a month,3-4,Yes,No,No,Yes,No,No,No,Pay Per Meet (PPM),$500-$599,,5,4,7,5
152,153.0,7/10/2024 1:07:41,New York,New York,,Sugar Baby Female,White / Caucasian,18-25,Single,Masters,White / Caucasian,36-45,Single,Bachelor Degree,Less than a month,3-4,No,No,No,No,No,No,Yes,Pay Per Meet (PPM),"$1k - $1,999",,8,8,8,8
153,154.0,7/11/2024 0:38:16,New York,Poughkeepsie,,Sugar Daddy,Black/African Descent,26-35,Single,Associate Degree,White / Caucasian,18-25,Single,Bachelor Degree,More than 1 year,7-8,No,No,Yes,No,Yes,Yes,Yes,Pay Per Meet (PPM),$500-$599,,3,4,4,7
154,155.0,7/11/2024 11:49:52,New York,New York,,Sugar Daddy,Asian,46-55,Married,Masters,Asian,26-35,Married,Doctorate,More than 1 year,1-2,Yes,No,Yes,No,Yes,Yes,Yes,Pay Per Meet (PPM),"$1k - $1,999",,7,8,7,7
155,156.0,7/12/2024 6:15:45,New York,Albany,,Sugar Daddy,White / Caucasian,46-55,Single,Bachelor Degree,White / Caucasian,26-35,Single,Some College,Less than a month,1-2,No,No,Yes,No,No,No,Yes,Pay Per Meet (PPM),$300-$399,,7,7,8,7
156,157.0,7/17/2024 12:20:53,New York,New York,,Sugar Baby Female,White / Caucasian,18-25,Single,Bachelor Degree,,36-45,Single,Masters,Less than a month,3-4,No,No,No,No,Yes,Yes,Yes,Monthly Allowance,,"$1k- $1,999",5,4,5,4
157,158.0,7/17/2024 19:45:54,New York,New york,,Sugar Baby Female,Asian,18-25,Single,Bachelor Degree,Asian,26-35,Widow,Bachelor Degree,Less than a month,3-4,No,Yes,No,Yes,No,No,No,Pay Per Meet (PPM),$400-$499,,10,5,10,1
158,159.0,7/18/2024 14:01:39,New York,New York City,,Sugar Baby Female,White / Caucasian,18-25,Single,Bachelor Degree,White / Caucasian,46-55,Single,Bachelor Degree,1-3 months,1-2,No,Yes,Yes,No,No,Yes,No,Pay Per Meet (PPM),$500-$599,,8,7,8,8
159,160.0,7/19/2024 5:54:51,New York,Manhattan,,Sugar Daddy,White / Caucasian,36-45,Open Relationship,Masters,White / Caucasian,36-45,Open Relationship,Masters,More than 1 year,3-4,No,Yes,No,Yes,Yes,Yes,No,Pay Per Meet (PPM),$500-$599,,5,10,10,9
160,161.0,7/23/2024 12:49:02,New York,New York,,Sugar Daddy,East Indian,46-55,Open Relationship,Masters,White / Caucasian,26-35,Single,Bachelor Degree,10-12 months,1-2,Yes,No,Yes,No,Yes,Yes,Yes,Pay Per Meet (PPM),$700-$799,,6,7,4,6
161,162.0,7/23/2024 18:15:07,New York,Albany,,Sugar Baby Female,White / Caucasian,36-45,Single,Some College,White / Caucasian,36-45,Married,Bachelor Degree,More than 1 year,1-2,No,Yes,Yes,No,No,No,No,Pay Per Meet (PPM),$300-$399,,8,6,4,7
162,163.0,7/25/2024 13:24:02,New York,New York City,,Sugar Daddy,Asian,46-55,Married,Doctorate,Asian,26-35,Single,Masters,More than 1 year,3-4,Yes,No,Yes,No,No,Yes,Yes,Monthly Allowance,,"$2k-$2,999",8,7,7,10
163,164.0,8/3/2024 13:40:13,New York,Syracuse,,Sugar Daddy,White / Caucasian,36-45,Open Relationship,Doctorate,,18-25,Single,Some College,Less than a month,1-2,No,No,Yes,No,Yes,Yes,Yes,Monthly Allowance,,"$2k-$2,999",5,5,5,5
164,165.0,8/11/2024 8:55:37,New York,New York City,,Sugar Daddy,White / Caucasian,46-55,Married,Doctorate,Latin / Hispanic,26-35,Single,Bachelor Degree,More than 1 year,3-4,No,No,Yes,No,Yes,Yes,Yes,Pay Per Meet (PPM),"$1k - $1,999",,8,10,8,10
165,166.0,8/12/2024 23:53:42,New York,Upstate,,Sugar Baby Female,White / Caucasian,26-35,Open Relationship,Doctorate,White / Caucasian,56-65,Married,Doctorate,More than 1 year,3-4,No,No,Yes,No,Yes,Yes,Yes,Pay Per Meet (PPM),"$1k - $1,999",,8,6,7,5
166,167.0,8/14/2024 10:01:03,New York,New York,,Sugar Baby Female,Mixed,26-35,Single,Some College,White / Caucasian,56-65,Single,High School Diploma,More than 1 year,1-2,No,No,Yes,No,Yes,Yes,Yes,Monthly Allowance,,"$6k-$6,999",9,8,10,10
167,168.0,8/16/2024 10:31:09,New York,New York,,Sugar Daddy,White / Caucasian,56-65,Married,Masters,Latin / Hispanic,26-35,Single,Some College,1-3 months,3-4,Yes,No,No,No,No,No,Yes,Pay Per Meet (PPM),$400-$499,,8,6,10,10
168,169.0,8/21/2024 14:50:24,New York,Buffalo,,Sugar Baby Female,Mixed,18-25,Married,Masters,White / Caucasian,26-35,Married,Bachelor Degree,Less than a month,3-4,No,No,No,Yes,Yes,Yes,Yes,Pay Per Meet (PPM),"$1k - $1,999",,8,8,8,8
169,170.0,8/28/2024 11:42:34,New York,New York City,,Sugar Daddy,East Indian,26-35,Single,Doctorate,East Indian,26-35,Single,Bachelor Degree,1-3 months,3-4,No,No,No,No,Yes,Yes,Yes,Weekly Allowance,$500-$599,,7,7,7,6
170,171.0,8/29/2024 2:09:11,New York,Binghamton,,Sugar Baby Female,White / Caucasian,26-35,Open Relationship,High School Diploma,White / Caucasian,46-55,Married,High School Diploma,4-6 months,3-4,No,Yes,Yes,No,Yes,No,No,Monthly Allowance,,"$9k-$9,999",4,6,9,6
171,172.0,9/4/2024 23:09:55,New York,manhattan,,Sugar Baby Female,,26-35,Single,Associate Degree,,46-55,Single,Bachelor Degree,1-3 months,3-4,No,Yes,Yes,No,Yes,Yes,Yes,Weekly Allowance,"$1k - $1,999",,7,7,7,7
172,173.0,9/16/2024 13:41:14,New York,New York,,Sugar Baby Female,Asian,18-25,Single,Bachelor Degree,Middle Eastern,36-45,Single,Bachelor Degree,Less than a month,1-2,No,Yes,No,Yes,No,No,Yes,Monthly Allowance,,"$4k-$4,999",4,10,7,4
173,174.0,9/24/2024 1:30:41,New York,Brooklyn,,Sugar Daddy,Black/African Descent,36-45,Single,Some College,Black/African Descent,18-25,Single,High School Diploma,Less than a month,3-4,No,No,No,No,Yes,Yes,Yes,Pay Per Meet (PPM),$300-$399,,7,5,5,5
174,175.0,9/24/2024 12:45:08,New York,New York City,,Sugar Baby Female,East Indian,18-25,Single,Bachelor Degree,East Indian,46-55,Married,Masters,More than 1 year,1-2,No,Yes,Yes,No,Yes,Yes,Yes,Pay Per Meet (PPM),$700-$799,,10,9,10,10
175,176.0,9/30/2024 22:32:27,New York,New york,,Sugar Baby Female,Latin / Hispanic,18-25,Single,Associate Degree,White / Caucasian,36-45,Single,Bachelor Degree,4-6 months,5-6,No,No,No,No,No,"Yes, No",No,Pay Per Meet (PPM),$700-$799,,6,7,8,8
176,177.0,10/2/2024 16:25:10,New York,Queens,,Sugar Baby Female,Pacific Islander,26-35,Single,Bachelor Degree,White / Caucasian,36-45,Single,Bachelor Degree,Less than a month,1-2,No,No,Yes,Yes,Yes,Yes,No,Pay Per Meet (PPM),"$1k - $1,999",,8,8,9,9
177,178.0,10/4/2024 4:36:34,New York,Brooklyn,,Sugar Baby Female,White / Caucasian,26-35,Single,Bachelor Degree,Asian,36-45,Married,Masters,1-3 months,3-4,Yes,Yes,Yes,No,Yes,Yes,Yes,Pay Per Meet (PPM),$800-$899,,6,6,4,6
178,179.0,10/22/2024 12:44:05,New York,Manhattan,,Sugar Baby Female,White / Caucasian,26-35,Single,Bachelor Degree,White / Caucasian,46-55,Married,Masters,7-9 months,5-6,No,Yes,Yes,No,"Yes, No",Yes,Yes,Weekly Allowance,$3k or more,,9,7,8,7
179,180.0,10/27/2024 1:40:28,New York,New York City,,Sugar Baby Female,Asian,18-25,Single,Masters,Black/African Descent,26-35,Single,Some College,10-12 months,5-6,No,Yes,Yes,No,Yes,No,Yes,Monthly Allowance,,$10k or more,8,8,9,9
180,181.0,11/4/2024 22:14:26,New York,Queens,,Sugar Daddy,White / Caucasian,46-55,Married,Doctorate,Black/African Descent,18-25,Single,Some College,Less than a month,1-2,No,No,Yes,Yes,Yes,Yes,Yes,Pay Per Meet (PPM),$500-$599,,5,5,5,5
181,182.0,11/14/2024 12:21:47,New York,New york,,Sugar Daddy,East Indian,36-45,Single,Bachelor Degree,Asian,26-35,Single,Bachelor Degree,Less than a month,3-4,Yes,No,Yes,No,Yes,Yes,No,Weekly Allowance,$600-$699,,10,9,10,10
182,183.0,11/19/2024 8:16:03,New York,Syracuse,,Sugar Daddy,White / Caucasian,46-55,Separated,Bachelor Degree,White / Caucasian,46-55,Separated,Masters,1-3 months,3-4,No,No,No,Yes,No,No,No,Pay Per Meet (PPM),< $300,,6,4,5,6
183,184.0,11/28/2024 3:55:32,New York,New York,,Sugar Daddy,White / Caucasian,46-55,Married,Masters,White / Caucasian,26-35,Single,Some College,7-9 months,5-6,No,No,Yes,No,No,No,Yes,Monthly Allowance,,"$6k-$6,999",6,6,7,7
184,185.0,12/3/2024 23:08:15,New York,Brooklyn,,Sugar Baby Female,Black/African Descent,26-35,Single,Some College,Latin / Hispanic,26-35,Single,Some College,1-3 months,1-2,No,No,Yes,No,Yes,Yes,Yes,Weekly Allowance,< $300,,7,7,8,10
185,186.0,12/8/2024 15:21:45,New York,New York,,Sugar Daddy,Mixed,46-55,Married,Masters,Asian,26-35,Single,Masters,More than 1 year,1-2,No,No,No,No,Yes,Yes,Yes,Pay Per Meet (PPM),$500-$599,,7,7,7,6
186,187.0,12/14/2024 14:38:15,New York,New York,,Sugar Baby Female,White / Caucasian,26-35,Single,Bachelor Degree,White / Caucasian,36-45,Single,Bachelor Degree,4-6 months,3-4,No,No,Yes,Yes,Yes,No,Yes,Monthly Allowance,,"$2k-$2,999",9,8,9,10
187,188.0,12/19/2024 13:03:21,New York,new york,,Sugar Daddy,Asian,46-55,Married,Doctorate,Asian,26-35,Single,Masters,7-9 months,5-6,Yes,No,Yes,Yes,No,No,Yes,Monthly Allowance,,"$7k-$7,999",6,5,4,4
188,189.0,12/20/2024 21:02:34,New York,New York City,,Sugar Daddy,Latin / Hispanic,36-45,Single,Some College,White / Caucasian,18-25,Single,Bachelor Degree,More than 1 year,1-2,No,No,Yes,No,No,No,Yes,Pay Per Meet (PPM),$500-$599,,5,10,7,1
189,190.0,12/21/2024 10:28:42,New York,Manhattan,,Sugar Baby Female,White / Caucasian,18-25,Single,Associate Degree,White / Caucasian,18-25,Single,Masters,4-6 months,5-6,No,No,Yes,No,Yes,Yes,Yes,Monthly Allowance,,"$9k-$9,999",9,9,10,10
190,191.0,12/24/2024 18:00:08,New York,Ny,,Sugar Baby Female,Asian,26-35,Single,Masters,East Indian,46-55,Single,Bachelor Degree,1-3 months,3-4,No,No,No,No,No,No,No,Monthly Allowance,,$10k or more,9,9,7,8
191,192.0,12/27/2024 21:46:56,New York,Astoria,,Sugar Daddy,Mixed,26-35,Single,Bachelor Degree,Asian,18-25,Single,Some College,Less than a month,1-2,Yes,No,No,No,No,Yes,No,Pay Per Meet (PPM),$300-$399,,8,8,8,8
192,193.0,12/29/2024 1:52:38,New York,Rochester,,Sugar Daddy,White / Caucasian,46-55,Married,Masters,White / Caucasian,26-35,Divorced,Bachelor Degree,1-3 months,3-4,No,No,Yes,Yes,No,Yes,Yes,Pay Per Meet (PPM),$300-$399,,4,8,5,7
193,194.0,12/29/2024 17:31:10,New York,Queens,,Sugar Daddy,Black/African Descent,56-65,Married,Bachelor Degree,White / Caucasian,36-45,Widow,Bachelor Degree,More than 1 year,3-4,No,Yes,Yes,Yes,No,No,Yes,Weekly Allowance,$500-$599,,6,4,9,8
194,195.0,12/29/2024 17:33:25,New York,Queens,,Sugar Daddy,Black/African Descent,56-65,Married,Bachelor Degree,Asian,36-45,Separated,Some College,1-3 months,3-4,No,Yes,Yes,Yes,No,No,Yes,Pay Per Meet (PPM),$300-$399,,9,10,9,10
195,196.0,12/30/2024 9:42:26,New York,Long island,,Sugar Daddy,White / Caucasian,26-35,Single,Doctorate,White / Caucasian,18-25,Single,Some College,1-3 months,3-4,No,No,Yes,No,No,No,No,Pay Per Meet (PPM),$300-$399,,7,7,7,7
196,197.0,1/4/2025 10:55:55,New York,New York,,Sugar Baby Female,Asian,26-35,Single,Bachelor Degree,Middle Eastern,26-35,Single,Bachelor Degree,1-3 months,3-4,Yes,No,No,No,No,No,Yes,Monthly Allowance,,"$2k-$2,999",8,8,7,7
197,198.0,1/21/2024 8:18:16,Pennsylvania,Philadelphia,,Sugar Daddy,White / Caucasian,36-45,Divorced,Doctorate,Mixed,18-25,Single,High School Diploma,1-3 months,5-6,No,No,Yes,No,Yes,No,Yes,Monthly Allowance,,"$2k-$2,999",10,10,10,10
198,199.0,1/21/2024 9:51:37,Pennsylvania,Pittsburgh,,Sugar Baby Female,White / Caucasian,26-35,Single,Bachelor Degree,Mixed,46-55,Married,Masters,4-6 months,3-4,Yes,No,Yes,No,Yes,No,Yes,Monthly Allowance,,"$3k-$3,999",9,9,9,9
199,200.0,1/21/2024 9:54:22,Pennsylvania,Altoona,,Sugar Baby Female,Middle Eastern,18-25,Single,Bachelor Degree,Black/African Descent,56-65,Open Relationship,Bachelor Degree,10-12 months,5-6,No,No,No,No,Yes,No,Yes,Monthly Allowance,,"$2k-$2,999",3,2,4,2
200,201.0,1/25/2024 4:37:35,Pennsylvania,West Chester,,Sugar Daddy,White / Caucasian,56-65,Single,Bachelor Degree,White / Caucasian,18-25,Single,Some College,7-9 months,3-4,No,No,No,Yes,No,Yes,Yes,Pay Per Meet (PPM),$300-$399,,7,7,7,7
201,202.0,1/28/2024 22:06:02,Pennsylvania,Philladelphia,,Sugar Daddy,Middle Eastern,46-55,Divorced,Masters,Black/African Descent,26-35,Single,Bachelor Degree,More than 1 year,5-6,No,"Yes, No",Yes,No,Yes,No,Yes,Pay Per Meet (PPM),$500-$599,,8,9,5,5
202,203.0,1/29/2024 23:51:05,Pennsylvania,Pittsburgh,,Sugar Daddy,,36-45,Married,Masters,Mixed,18-25,Single,Bachelor Degree,1-3 months,1-2,No,Yes,Yes,Yes,No,No,Yes,Pay Per Meet (PPM),$300-$399,,10,10,10,10
203,204.0,2/3/2024 13:44:00,Pennsylvania,Philadelphia,,Sugar Baby Female,Asian,18-25,Single,Bachelor Degree,Asian,46-55,Single,Doctorate,7-9 months,3-4,No,Yes,Yes,Yes,No,No,Yes,Pay Per Meet (PPM),$800-$899,,5,7,4,7
204,205.0,2/10/2024 21:58:01,Pennsylvania,Harrisburg,,Sugar Baby Female,White / Caucasian,18-25,Single,High School Diploma,White / Caucasian,56-65,Divorced,Masters,10-12 months,1-2,No,Yes,Yes,No,No,No,Yes,Pay Per Meet (PPM),$400-$499,,6,6,2,4
205,206.0,2/10/2024 23:31:20,Pennsylvania,Schwenksville,,Sugar Baby Female,White / Caucasian,26-35,Single,Some College,White / Caucasian,36-45,Married,Some College,More than 1 year,3-4,No,No,Yes,No,Yes,No,Yes,Pay Per Meet (PPM),$300-$399,,5,2,8,6
206,207.0,2/14/2024 18:27:24,Pennsylvania,Pittsburgh,,Sugar Baby Male,White / Caucasian,26-35,Single,Bachelor Degree,White / Caucasian,56-65,Married,Masters,Less than a month,3-4,No,No,Yes,Yes,No,Yes,"Yes, No",Monthly Allowance,,"$3k-$3,999",7,7,9,9
207,208.0,2/14/2024 19:09:38,Pennsylvania,Philadelphia,,Sugar Daddy,White / Caucasian,76+,Open Relationship,Masters,White / Caucasian,56-65,Open Relationship,Masters,More than 1 year,5-6,No,Yes,Yes,No,No,No,Yes,Monthly Allowance,,"$1k- $1,999",8,8,8,8
208,209.0,2/17/2024 0:54:09,Pennsylvania,New Castle,,Sugar Baby Female,White / Caucasian,46-55,Separated,Bachelor Degree,White / Caucasian,56-65,Single,Doctorate,4-6 months,1-2,No,Yes,Yes,No,No,No,No,Pay Per Meet (PPM),$500-$599,,8,3,5,2
209,210.0,2/17/2024 16:36:57,Pennsylvania,kop,,Sugar Daddy,Latin / Hispanic,36-45,Single,Bachelor Degree,,18-25,Single,Some College,Less than a month,3-4,No,No,Yes,Yes,Yes,Yes,Yes,Pay Per Meet (PPM),< $300,,8,8,8,8
210,211.0,2/24/2024 10:42:56,Pennsylvania,Hallstead,,Sugar Daddy,White / Caucasian,36-45,Divorced,High School Diploma,White / Caucasian,18-25,Single,High School Diploma,4-6 months,3-4,No,Yes,Yes,Yes,No,Yes,Yes,Pay Per Meet (PPM),$300-$399,,8,6,5,7
211,212.0,3/9/2024 14:41:12,Pennsylvania,Philadelphia,,Sugar Daddy,White / Caucasian,46-55,Single,Masters,White / Caucasian,26-35,Single,Bachelor Degree,1-3 months,3-4,No,Yes,No,No,Yes,No,Yes,Pay Per Meet (PPM),< $300,,8,8,8,8
212,213.0,3/9/2024 14:47:49,Pennsylvania,Philadelphia,,Sugar Daddy,White / Caucasian,46-55,Single,Masters,White / Caucasian,18-25,Single,Some College,Less than a month,3-4,No,Yes,No,Yes,Yes,No,No,Pay Per Meet (PPM),< $300,,8,8,8,8
213,214.0,3/9/2024 14:52:31,Pennsylvania,Philadelphia,,Sugar Daddy,White / Caucasian,56-65,Single,Masters,White / Caucasian,18-25,Single,High School Diploma,Less than a month,5-6,No,Yes,No,Yes,Yes,No,No,Pay Per Meet (PPM),< $300,,8,8,8,8
214,215.0,3/13/2024 14:31:11,Pennsylvania,Altoona,,Sugar Daddy,Asian,56-65,Separated,Doctorate,White / Caucasian,18-25,Single,High School Diploma,More than 1 year,10+,Yes,No,Yes,No,No,No,Yes,Pay Per Meet (PPM),"$1k - $1,999",,7,5,7,9
215,216.0,4/5/2024 21:05:37,Pennsylvania,Pittsburgh,,Sugar Baby Female,White / Caucasian,26-35,Single,Some College,White / Caucasian,46-55,Married,Masters,4-6 months,3-4,Yes,No,Yes,Yes,"Yes, No",No,Yes,Weekly Allowance,$500-$599,,10,10,10,10
216,217.0,4/11/2024 7:44:47,Pennsylvania,Philadelphia,,Sugar Baby Female,White / Caucasian,26-35,Separated,Some College,White / Caucasian,36-45,Single,Bachelor Degree,4-6 months,3-4,No,No,Yes,Yes,Yes,Yes,Yes,Pay Per Meet (PPM),$500-$599,,4,3,5,4
217,218.0,4/24/2024 16:14:33,Pennsylvania,Philadelphia,,Sugar Daddy,White / Caucasian,56-65,Divorced,Masters,White / Caucasian,26-35,Single,Bachelor Degree,More than 1 year,3-4,No,No,Yes,No,No,No,Yes,Pay Per Meet (PPM),$700-$799,,8,8,5,7
218,219.0,5/7/2024 8:23:11,Pennsylvania,Pittsburgh,,Sugar Daddy,White / Caucasian,66-75,Open Relationship,Doctorate,White / Caucasian,26-35,Divorced,High School Diploma,1-3 months,3-4,No,No,Yes,Yes,No,Yes,Yes,Pay Per Meet (PPM),$300-$399,,8,9,7,10
219,220.0,5/26/2024 21:54:10,Pennsylvania,Johnstown,,Sugar Daddy,East Indian,36-45,Single,Doctorate,White / Caucasian,26-35,Separated,High School Diploma,Less than a month,1-2,No,No,"Yes, No",Yes,No,No,No,Pay Per Meet (PPM),$300-$399,,5,5,2,4
220,221.0,5/30/2024 0:19:28,Pennsylvania,Pittsburgh,,Sugar Daddy,White / Caucasian,46-55,Single,Bachelor Degree,White / Caucasian,26-35,Single,Bachelor Degree,7-9 months,3-4,Yes,No,Yes,No,Yes,No,Yes,Pay Per Meet (PPM),$400-$499,,7,7,7,8
221,222.0,6/29/2024 12:14:39,Pennsylvania,altoona,,Sugar Daddy,Asian,56-65,Separated,Doctorate,White / Caucasian,18-25,Single,High School Diploma,More than 1 year,10+,Yes,No,Yes,No,Yes,No,Yes,Pay Per Meet (PPM),"$1k - $1,999",,8,8,8,8
222,223.0,7/4/2024 14:59:17,Pennsylvania,Pittsburgh,,Sugar Baby Female,Mixed,18-25,Single,Some College,White / Caucasian,46-55,Divorced,Doctorate,1-3 months,3-4,Yes,No,Yes,No,No,No,Yes,Monthly Allowance,,"$4k-$4,999",8,10,10,10
223,224.0,7/9/2024 20:44:41,Pennsylvania,Philadelphia,,Sugar Daddy,White / Caucasian,46-55,Married,Some College,White / Caucasian,26-35,Single,Bachelor Degree,More than 1 year,5-6,No,Yes,Yes,No,No,No,Yes,Weekly Allowance,$500-$599,,7,9,6,3
224,225.0,7/14/2024 9:16:23,Pennsylvania,Pittsburgh,,Sugar Baby Female,White / Caucasian,26-35,Open Relationship,Associate Degree,White / Caucasian,26-35,Open Relationship,Some College,1-3 months,1-2,No,Yes,No,Yes,Yes,Yes,Yes,Pay Per Meet (PPM),< $300,,9,9,10,10
225,226.0,7/31/2024 15:02:55,Pennsylvania,Pittsburgh,,Sugar Baby Female,White / Caucasian,46-55,Divorced,Some College,White / Caucasian,56-65,Divorced,Masters,1-3 months,3-4,No,No,Yes,No,No,Yes,Yes,Monthly Allowance,,"$2k-$2,999",5,5,5,3
226,227.0,9/23/2024 20:50:33,Pennsylvania,Philadelphia,,Sugar Daddy,Black/African Descent,26-35,Divorced,Masters,Black/African Descent,18-25,Single,High School Diploma,1-3 months,3-4,No,Yes,No,No,Yes,Yes,Yes,Monthly Allowance,,"$1k- $1,999",8,8,5,5
227,228.0,9/25/2024 23:59:01,Pennsylvania,Philadelphia,,Sugar Daddy,White / Caucasian,26-35,Single,Bachelor Degree,White / Caucasian,18-25,Single,Less than High School,More than 1 year,5-6,Yes,No,Yes,No,Yes,Yes,Yes,Weekly Allowance,"$1k - $1,999",,10,9,10,10
228,229.0,9/27/2024 18:52:42,Pennsylvania,Pittsburgh,,Sugar Baby Female,White / Caucasian,36-45,Divorced,Masters,White / Caucasian,56-65,Divorced,Bachelor Degree,Less than a month,1-2,No,No,No,No,No,No,Yes,Pay Per Meet (PPM),$500-$599,,8,8,8,8
229,230.0,11/16/2024 13:23:41,Pennsylvania,Philly,,Sugar Daddy,White / Caucasian,46-55,Divorced,Doctorate,White / Caucasian,18-25,Single,High School Diploma,More than 1 year,10+,Yes,No,Yes,No,Yes,No,Yes,Pay Per Meet (PPM),$400-$499,,9,8,8,6
230,231.0,11/24/2024 14:59:19,Pennsylvania,philadelphia,,Sugar Baby Female,White / Caucasian,18-25,Single,Some College,White / Caucasian,56-65,Single,High School Diploma,1-3 months,1-2,No,No,Yes,No,No,Yes,Yes,Pay Per Meet (PPM),$300-$399,,8,8,8,8
231,232.0,11/24/2024 14:59:27,Pennsylvania,philadelphia,,Sugar Baby Female,White / Caucasian,18-25,Single,Some College,White / Caucasian,56-65,Single,High School Diploma,1-3 months,1-2,No,No,Yes,No,No,Yes,Yes,Pay Per Meet (PPM),$300-$399,,8,8,8,8
232,233.0,12/2/2024 14:19:33,Pennsylvania,Williamsport,,Sugar Daddy,White / Caucasian,56-65,Divorced,Associate Degree,White / Caucasian,26-35,Divorced,High School Diploma,Less than a month,1-2,No,Yes,Yes,Yes,No,No,No,Pay Per Meet (PPM),$300-$399,,8,8,8,8
233,234.0,12/6/2024 12:21:10,Pennsylvania,philadelphia,,Sugar Daddy,White / Caucasian,56-65,Single,Masters,White / Caucasian,26-35,Single,Bachelor Degree,1-3 months,3-4,No,No,No,No,No,No,No,Pay Per Meet (PPM),$400-$499,,7,7,7,7
234,235.0,12/6/2024 19:12:10,Pennsylvania,Philadelphia,,Sugar Baby Female,Middle Eastern,26-35,Single,Masters,Asian,56-65,Married,Doctorate,7-9 months,1-2,Yes,No,Yes,Yes,No,No,No,Pay Per Meet (PPM),< $300,,1,1,1,1
235,236.0,12/21/2024 18:57:36,Pennsylvania,Pittsburgh,,Sugar Baby Female,White / Caucasian,46-55,Separated,Masters,White / Caucasian,66-75,Divorced,Masters,Less than a month,3-4,Yes,No,Yes,No,No,No,No,Monthly Allowance,,"$4k-$4,999",6,5,8,6
236,237.0,12/28/2024 2:08:12,Pennsylvania,Pittsburgh,,Sugar Baby Female,White / Caucasian,36-45,Divorced,Less than High School,Asian,66-75,Separated,Some College,Less than a month,3-4,No,No,No,No,No,No,Yes,Weekly Allowance,$300-$399,,7,6,8,5
237,238.0,12/29/2024 14:23:47,Pennsylvania,Shippensburg,,Sugar Baby Female,White / Caucasian,18-25,Single,Bachelor Degree,White / Caucasian,18-25,Single,Bachelor Degree,1-3 months,1-2,No,No,Yes,Yes,No,Yes,Yes,Weekly Allowance,$500-$599,,4,5,5,4
238,239.0,12/29/2024 17:55:11,Pennsylvania,Pittsburgh,,Sugar Baby Female,White / Caucasian,26-35,Married,Bachelor Degree,White / Caucasian,56-65,Married,Masters,More than 1 year,3-4,Yes,No,Yes,No,No,No,Yes,Pay Per Meet (PPM),$500-$599,,7,5,7,4
239,240.0,1/1/2025 21:14:19,Pennsylvania,philadelphia,,Sugar Baby Female,Latin / Hispanic,18-25,Single,Some College,White / Caucasian,36-45,Single,Masters,4-6 months,3-4,Yes,No,Yes,No,Yes,Yes,Yes,Weekly Allowance,$800-$899,,9,8,10,9
240,241.0,2/7/2024 7:39:10,Rhode Island,Providence,,Sugar Baby Female,Black/African Descent,26-35,Single,Some College,,56-65,Married,Masters,1-3 months,3-4,Yes,No,Yes,Yes,No,No,No,Weekly Allowance,$300-$399,,5,1,5,1
241,242.0,4/29/2024 0:32:49,Rhode Island,Cranston,,Sugar Baby Female,White / Caucasian,26-35,Single,Some College,White / Caucasian,36-45,Single,Bachelor Degree,7-9 months,3-4,No,Yes,Yes,Yes,"Yes, No",Yes,Yes,Pay Per Meet (PPM),$500-$599,,3,8,9,10
242,243.0,6/25/2024 18:50:24,Rhode Island,Providence,,Sugar Baby Female,White / Caucasian,26-35,Single,Associate Degree,White / Caucasian,56-65,Divorced,Masters,4-6 months,3-4,Yes,No,Yes,Yes,No,Yes,No,Pay Per Meet (PPM),"$1k - $1,999",,8,7,10,5
243,244.0,7/30/2024 21:01:26,Rhode Island,Newport,,Sugar Baby Female,White / Caucasian,18-25,Single,Some College,White / Caucasian,46-55,Divorced,Bachelor Degree,Less than a month,3-4,No,Yes,No,No,No,No,Yes,Pay Per Meet (PPM),$400-$499,,6,3,10,5
244,245.0,8/31/2024 9:17:30,Rhode Island,Providence,,Sugar Baby Female,Mixed,18-25,Single,Less than High School,Pacific Islander,56-65,Divorced,Some College,1-3 months,3-4,No,Yes,No,No,No,No,Yes,Monthly Allowance,,"$4k-$4,999",5,5,5,5
245,246.0,9/24/2024 11:51:58,Rhode Island,Providence,,Sugar Baby Female,Latin / Hispanic,26-35,Single,High School Diploma,White / Caucasian,36-45,Single,Bachelor Degree,Less than a month,1-2,No,No,No,Yes,No,No,Yes,Pay Per Meet (PPM),$500-$599,,1,1,1,1
246,247.0,5/13/2024 7:42:50,Vermont,Stowe,,Sugar Baby Female,Mixed,26-35,Single,Bachelor Degree,White / Caucasian,56-65,Married,Masters,More than 1 year,3-4,No,Yes,Yes,No,Yes,No,Yes,Monthly Allowance,,"$9k-$9,999",7,7,8,7
247,248.0,1/6/2025 19:50:46,New York,albany,,Sugar Baby Female,White / Caucasian,26-35,Single,Bachelor Degree,White / Caucasian,46-55,Divorced,Masters,1-3 months,5-6,Yes,No,Yes,Yes,Yes,No,No,Pay Per Meet (PPM),< $300,,2,1,3,1
248,249.0,1/8/2025 20:51:35,Pennsylvania,Philadelphia,,Sugar Daddy,White / Caucasian,66-75,Married,Masters,White / Caucasian,26-35,Single,Some College,1-3 months,3-4,No,Yes,Yes,No,No,No,Yes,Monthly Allowance,,"$1k- $1,999",10,10,10,10
249,250.0,1/9/2025 18:56:50,New York,Manhattan,,Sugar Baby Female,Latin / Hispanic,26-35,Single,Bachelor Degree,Latin / Hispanic,36-45,Married,Bachelor Degree,Less than a month,3-4,No,No,No,No,No,No,No,Monthly Allowance,,"$1k- $1,999",4,7,9,9
250,251.0,1/10/2025 5:28:48,New Jersey,Raritan,,Sugar Daddy,East Indian,46-55,Married,Bachelor Degree,Black/African Descent,26-35,Single,Some College,1-3 months,1-2,No,No,Yes,Yes,No,No,No,Pay Per Meet (PPM),$300-$399,,3,3,3,3
251,252.0,1/11/2025 12:17:23,New York,new york,,Sugar Baby Female,Mixed,18-25,Single,Bachelor Degree,Middle Eastern,36-45,Married,Masters,More than 1 year,3-4,Yes,Yes,Yes,Yes,Yes,Yes,Yes,Monthly Allowance,,"$3k-$3,999",4,3,3,3
252,253.0,1/13/2025 13:56:34,New Jersey,Philadelphia,,Sugar Daddy,White / Caucasian,36-45,Married,Some College,White / Caucasian,18-25,Single,High School Diploma,4-6 months,5-6,No,Yes,Yes,No,Yes,Yes,Yes,Gifts and Experiences,,"$2k-$2,999",8,8,9,8
253,254.0,1/15/2025 16:28:24,New Jersey,Glen Rock,,Sugar Daddy,White / Caucasian,46-55,Separated,Bachelor Degree,Black/African Descent,18-25,Single,Some College,4-6 months,5-6,Yes,No,Yes,No,Yes,No,Yes,Monthly Allowance,,"$6k-$6,999",9,9,9,9
254,255.0,1/16/2025 21:09:28,Connecticut,New Haven,,Sugar Baby Female,White / Caucasian,18-25,Single,Some College,White / Caucasian,46-55,Divorced,Doctorate,More than 1 year,10+,Yes,No,Yes,No,Yes,"Yes, No",Yes,Monthly Allowance,,$8-$8.999,9,10,10,10
255,256.0,1/18/2025 18:59:30,New York,Manhattan,,Sugar Daddy,Asian,36-45,Single,Bachelor Degree,White / Caucasian,18-25,Single,Bachelor Degree,7-9 months,7-8,No,Yes,No,No,Yes,Yes,Yes,Weekly Allowance,$3k or more,,9,7,7,8
256,257.0,1/19/2025 12:26:01,New York,Nyc,,Sugar Baby Female,White / Caucasian,26-35,Single,Masters,White / Caucasian,46-55,Married,Bachelor Degree,4-6 months,1-2,No,Yes,Yes,Yes,No,No,No,Pay Per Meet (PPM),"$1k - $1,999",,5,5,4,2
257,258.0,1/21/2025 22:37:41,Connecticut,Guilford,,Sugar Baby Female,White / Caucasian,26-35,Single,Some College,White / Caucasian,56-65,Divorced,Masters,1-3 months,3-4,No,No,Yes,Yes,No,No,Yes,Pay Per Meet (PPM),$700-$799,,7,7,8,7
258,259.0,1/24/2025 2:48:36,New York,Buffalo,,Sugar Baby Female,Black/African Descent,18-25,Single,Some College,,36-45,Married,Bachelor Degree,1-3 months,3-4,No,No,Yes,Yes,No,No,No,Pay Per Meet (PPM),< $300,,5,5,5,5
259,260.0,1/24/2025 13:36:37,New York,NYC,,Sugar Baby Female,White / Caucasian,26-35,Single,Masters,,46-55,Single,Bachelor Degree,Less than a month,3-4,No,Yes,Yes,No,No,No,No,Weekly Allowance,"$1k - $1,999",,6,6,5,5
260,261.0,1/24/2025 13:41:37,New Jersey,Keyport,,Sugar Baby Female,White / Caucasian,36-45,Divorced,Associate Degree,Black/African Descent,36-45,Married,Bachelor Degree,1-3 months,3-4,No,No,Yes,Yes,No,Yes,Yes,Weekly Allowance,$500-$599,,4,3,3,5
261,262.0,1/24/2025 13:54:21,New York,poughkeepsie,,Sugar Daddy,White / Caucasian,56-65,Separated,Masters,White / Caucasian,18-25,Single,Some College,7-9 months,3-4,Yes,No,Yes,No,Yes,No,No,Pay Per Meet (PPM),$300-$399,,8,10,7,8
262,263.0,1/24/2025 17:02:36,Pennsylvania,Pittsburgh,,Sugar Baby Female,Middle Eastern,18-25,Single,Some College,Asian,36-45,Married,Masters,More than 1 year,5-6,Yes,No,Yes,Yes,Yes,No,Yes,Weekly Allowance,$500-$599,,8,8,8,5
263,264.0,1/25/2025 11:54:55,Connecticut,Fairfield,,Sugar Baby Female,Black/African Descent,26-35,Single,Bachelor Degree,White / Caucasian,56-65,Married,Doctorate,1-3 months,5-6,Yes,No,No,Yes,No,No,Yes,Monthly Allowance,,"$7k-$7,999",6,6,10,7
264,265.0,1/25/2025 14:20:03,Pennsylvania,Philadelphia,,Sugar Daddy,White / Caucasian,36-45,Divorced,Some College,White / Caucasian,36-45,Single,Bachelor Degree,1-3 months,5-6,Yes,Yes,Yes,No,Yes,Yes,Yes,Pay Per Meet (PPM),$600-$699,,7,6,6,9
265,266.0,1/25/2025 20:33:19,New York,New York City,,Sugar Baby Female,Black/African Descent,26-35,Single,Masters,White / Caucasian,56-65,Married,Doctorate,Less than a month,3-4,No,No,No,"Yes, No",No,No,Yes,Monthly Allowance,,"$3k-$3,999",5,5,5,5
266,267.0,1/26/2025 12:35:01,Massachusetts,boston,,Sugar Daddy,Mixed,36-45,Single,Bachelor Degree,Native American,36-45,Single,Bachelor Degree,1-3 months,5-6,No,No,Yes,No,No,Yes,Yes,Weekly Allowance,$800-$899,,5,6,8,5
267,268.0,1/29/2025 17:06:36,New York,Port Jefferson,,Sugar Baby Female,White / Caucasian,18-25,Single,Some College,White / Caucasian,36-45,Single,High School Diploma,More than 1 year,7-8,No,No,Yes,No,No,No,Yes,Pay Per Meet (PPM),$400-$499,,10,10,10,10
268,269.0,1/29/2025 18:51:53,New York,New York,,Sugar Baby Female,Mixed,26-35,Married,Bachelor Degree,White / Caucasian,46-55,Married,Masters,1-3 months,3-4,No,Yes,Yes,Yes,No,No,No,Pay Per Meet (PPM),$900-$999,,7,7,10,6
269,270.0,1/29/2025 18:53:30,New York,New York,,Sugar Baby Female,Mixed,26-35,Married,Bachelor Degree,White / Caucasian,46-55,Married,Masters,4-6 months,1-2,No,Yes,Yes,Yes,No,No,No,Pay Per Meet (PPM),$900-$999,,6,6,3,6
270,271.0,1/29/2025 18:56:57,New York,New York,,Sugar Baby Female,Mixed,26-35,Married,Bachelor Degree,White / Caucasian,46-55,Married,Masters,Less than a month,1-2,No,Yes,Yes,Yes,No,No,Yes,Pay Per Meet (PPM),"$2k - $2,999",,8,8,4,7
271,272.0,1/29/2025 18:58:22,New York,New York,,Sugar Baby Female,Mixed,26-35,Married,Bachelor Degree,White / Caucasian,76+,Widow,Doctorate,1-3 months,1-2,No,Yes,Yes,Yes,No,No,Yes,Monthly Allowance,,$8-$8.999,8,9,5,9
272,273.0,1/29/2025 18:59:39,New York,New York,,Sugar Baby Female,Mixed,26-35,Married,Masters,White / Caucasian,56-65,Married,Masters,7-9 months,1-2,No,Yes,No,Yes,No,No,No,Pay Per Meet (PPM),"$2k - $2,999",,7,9,4,8
273,274.0,2/4/2025 1:46:35,Massachusetts,Boston,,Sugar Baby Female,Mixed,56-65,Single,Masters,White / Caucasian,56-65,Divorced,Doctorate,Less than a month,1-2,Yes,No,Yes,No,Yes,Yes,Yes,Pay Per Meet (PPM),"$1k - $1,999",,5,4,5,4
274,275.0,2/5/2025 0:58:48,New Jersey,Atlantic City,,Sugar Daddy,Asian,26-35,Single,Bachelor Degree,Latin / Hispanic,26-35,Single,Some College,10-12 months,1-2,No,No,Yes,No,Yes,No,No,Monthly Allowance,,"$1k- $1,999",8,10,10,7
275,276.0,2/12/2025 0:16:45,New York,New York,,Sugar Baby Female,Black/African Descent,26-35,Single,Masters,White / Caucasian,46-55,Separated,Masters,1-3 months,1-2,No,No,No,No,Yes,Yes,No,Pay Per Meet (PPM),"$1k - $1,999",,9,10,8,10
276,277.0,2/13/2025 8:24:38,Massachusetts,Boston,,Sugar Daddy,White / Caucasian,56-65,Separated,Bachelor Degree,White / Caucasian,36-45,Single,Associate Degree,More than 1 year,3-4,No,No,Yes,No,Yes,No,Yes,Monthly Allowance,,"$1k- $1,999",8,9,7,8
277,278.0,2/13/2025 20:57:25,New York,nyc,,Sugar Baby Female,White / Caucasian,18-25,Single,Bachelor Degree,White / Caucasian,26-35,Single,Bachelor Degree,1-3 months,3-4,No,No,Yes,No,No,No,No,Pay Per Meet (PPM),$800-$899,,8,8,8,8
278,279.0,2/14/2025 7:44:54,Pennsylvania,Pittsburgh,,Sugar Daddy,Asian,26-35,Single,Masters,Asian,18-25,Single,Bachelor Degree,4-6 months,10+,Yes,No,No,No,Yes,Yes,Yes,Monthly Allowance,,"$7k-$7,999",7,8,8,7
279,280.0,2/19/2025 13:36:50,New York,New York,,Sugar Baby Female,White / Caucasian,26-35,Single,Bachelor Degree,Mixed,46-55,Single,Bachelor Degree,Less than a month,1-2,No,No,No,Yes,No,No,Yes,Pay Per Meet (PPM),$800-$899,,8,8,8,7
280,281.0,2/22/2025 10:25:28,New Jersey,Old bridge,,Sugar Baby Female,White / Caucasian,36-45,Single,Associate Degree,East Indian,36-45,Married,Bachelor Degree,More than 1 year,1-2,No,Yes,Yes,No,No,No,Yes,Pay Per Meet (PPM),$500-$599,,8,6,10,8
281,282.0,2/24/2025 19:24:42,New York,New York,,Sugar Daddy,White / Caucasian,56-65,Married,Masters,Latin / Hispanic,26-35,Divorced,Some College,1-3 months,3-4,Yes,No,No,Yes,No,No,Yes,Pay Per Meet (PPM),$500-$599,,7,5,7,7
282,283.0,2/25/2025 23:40:12,New York,New York,,Sugar Daddy,Asian,56-65,Single,Doctorate,Latin / Hispanic,26-35,Single,Some College,10-12 months,3-4,Yes,No,Yes,No,Yes,No,Yes,Pay Per Meet (PPM),$500-$599,,7,7,7,8
283,284.0,2/26/2025 18:17:46,New York,Manhattan,,Sugar Baby Female,White / Caucasian,26-35,Single,Bachelor Degree,White / Caucasian,36-45,Single,Doctorate,Less than a month,1-2,Yes,No,No,No,No,No,No,Pay Per Meet (PPM),$500-$599,,5,5,5,5
